[
  {"modId": "450814997", "Repositorio": "Esenciales", "Carpeta": "@CBA-Workshop"},
  {"modId": "463939057", "Repositorio": "Esenciales", "Carpeta": "@ACE3-Workshop"},
  {"modId": "620260972", "Repositorio": "Esenciales", "Carpeta": "@Alive-Workshop"},
  {"modId": "620019431", "Repositorio": "Esenciales", "Carpeta": "@TFAR-Workshop"},
  {"modId": "708250744", "Repositorio": "Esenciales", "Carpeta": "@ACEX-Workshop"},
  {"modId": "421908020", "Repositorio": "Esenciales", "Carpeta": "@Ares-Workshop"}
]
