[
    {"modId": "450814997", "Repositorio": "Esenciales", "Carpeta": "@CBA-Workshop"},
    {"modId": "463939057", "Repositorio": "Esenciales", "Carpeta": "@ACE3-Workshop"},
    {"modId": "620260972", "Repositorio": "Esenciales", "Carpeta": "@Alive-Workshop"},
    {"modId": "620019431", "Repositorio": "Esenciales", "Carpeta": "@TFAR-Workshop"},
    {"modId": "708250744", "Repositorio": "Esenciales", "Carpeta": "@ACEX-Workshop"},
    {"modId": "421908020", "Repositorio": "Esenciales", "Carpeta": "@Ares-Workshop"},

    {"modId": "583496184", "Repositorio": "Mapas", "Carpeta": "@CUP_Terrains_Core-Workshop"},
    {"modId": "583544987", "Repositorio": "Mapas", "Carpeta": "@CUP_Terrains_Maps-Workshop"},
    {"modId": "853743366", "Repositorio": "Mapas", "Carpeta": "@CUP_Terrains_CWA-Workshop"},
    {"modId": "694603075", "Repositorio": "Mapas", "Carpeta": "@Nziwasogo-Workshop"},
    {"modId": "421620913", "Repositorio": "Mapas", "Carpeta": "@Kunduz-Workshop"},
    {"modId": "743968516", "Repositorio": "Mapas", "Carpeta": "@Beketov-Workshop"},
    {"modId": "860807599", "Repositorio": "Mapas", "Carpeta": "@Fata-Workshop"},
    {"modId": "909547724", "Repositorio": "Mapas", "Carpeta": "@Lythium-Workshop"},

    {"modId": "497660133", "Repositorio": "CUP", "Carpeta": "@CUP_Weapons-Workshop"},
    {"modId": "497661914", "Repositorio": "CUP", "Carpeta": "@CUP_Units-Workshop"},
    {"modId": "541888371", "Repositorio": "CUP", "Carpeta": "@CUP_Vehicles-Workshop"},
    {"modId": "621650475", "Repositorio": "CUP", "Carpeta": "@CUP_ACE_Vehicles-Workshop"},
    {"modId": "549676314", "Repositorio": "CUP", "Carpeta": "@CUP_ACE_Weapons-Workshop"},

    {"modId": "843593391", "Repositorio": "RHS", "Carpeta": "@RHS_GREF-Workshop"},
    {"modId": "843577117", "Repositorio": "RHS", "Carpeta": "@RHS_USF-Workshop"},
    {"modId": "843425103", "Repositorio": "RHS", "Carpeta": "@RHS_AFRF-Workshop"},
    {"modId": "773131200", "Repositorio": "RHS", "Carpeta": "@RHS_ACE_AFRF-Workshop"},
    {"modId": "884966711", "Repositorio": "RHS", "Carpeta": "@RHS_ACE_GREF-Workshop"},
    {"modId": "773125288", "Repositorio": "RHS", "Carpeta": "@RHS_ACE_USF-Workshop"},

    {"modId": "820994401", "Repositorio": "Otros", "Carpeta": "@FFAA-Workshop"},
    {"modId": "792383905", "Repositorio": "Otros", "Carpeta": "@FFAA_ACE-Workshop"},
    {"modId": "735566597", "Repositorio": "Otros", "Carpeta": "@LeightsOPFOR-Workshop"},
    {"modId": "820924072", "Repositorio": "Otros", "Carpeta": "@BackpackOnChest-Workshop"},

    {"modId": "891433622", "Repositorio": "Testing", "Carpeta": "@FOW-Workshop"},
    {"modId": "501966277", "Repositorio": "Testing", "Carpeta": "@SpecialPurpose"},

  	{"modId": "950999958", "Repositorio": "Testing", "Carpeta": "@IFA_LIBERATION"},
  	{"modId": "660460283", "Repositorio": "Testing", "Carpeta": "@IFA_AIO_LITE"},
  	{"modId": "952761380", "Repositorio": "Testing", "Carpeta": "@IFA_LIBERATION_ACE"},
  	{"modId": "937438041", "Repositorio": "Testing", "Carpeta": "@WW2_OBJECTS"},
  	{"modId": "867438623", "Repositorio": "Testing", "Carpeta": "@IFA_TERRAINS"},
    {"modId": "721359761", "Repositorio": "Testing", "Carpeta": "@VCOMAI-Workshop"},

    {"modId": "370592133", "Repositorio": "Vietnam", "Carpeta": "@HueyPack-Workshop"},
    {"modId": "943001311", "Repositorio": "Vietnam", "Carpeta": "@Unsung-Workshop"},
    
    {"modId": "713709341", "Repositorio": "Interclanes", "Carpeta": "@advancedRapelling-Workshop"},
    {"modId": "615007497", "Repositorio": "Interclanes", "Carpeta": "@advancedSlingLoading-Workshop"},
    {"modId": "730310357", "Repositorio": "Interclanes", "Carpeta": "@advancedUrbanRapelling-Workshop"},
    {"modId": "333310405", "Repositorio": "Interclanes", "Carpeta": "@em-Workshop"},
    {"modId": "520618345", "Repositorio": "Interclanes", "Carpeta": "@jbad-Workshop"},
    {"modId": "667709746", "Repositorio": "Interclanes", "Carpeta": "@uh60-Workshop"},
    {"modId": "703528604", "Repositorio": "Interclanes", "Carpeta": "@vsmaccesory-Workshop"}
]
