[{"Nombre":"2GM","Mods":[{"Nombre":"@CUP_TERRAINS_CORE","Icon":null},{"Nombre":"@CUP_TERRAINS_MAPS","Icon":null},{"Nombre":"@FOW-Workshop","Icon":null},{"Nombre":"@IFA_AIO_LITE","Icon":null},{"Nombre":"@IFA_LIBERATION","Icon":null},{"Nombre":"@IFA_LIBERATION_ACE","Icon":null},{"Nombre":"@IFA_TERRAINS","Icon":null},{"Nombre":"@WW2_OBJECTS","Icon":null}],"MustUpdate":false},{"Nombre":"Esenciales","Mods":[{"Nombre":"@ACE3-Workshop","Icon":null},{"Nombre":"@ACEX-Workshop","Icon":null},{"Nombre":"@advancedRapelling-Workshop","Icon":null},{"Nombre":"@advancedSlingLoading-Workshop","Icon":null},{"Nombre":"@advancedUrbanRapelling-Workshop","Icon":null},{"Nombre":"@Alive-Workshop","Icon":null},{"Nombre":"@BackpackOnChest-Workshop","Icon":null},{"Nombre":"@CBA-Workshop","Icon":null},{"Nombre":"@em-Workshop","Icon":null},{"Nombre":"@TFAR-Workshop","Icon":null}],"MustUpdate":false},{"Nombre":"Mapas","Mods":[{"Nombre":"@australia-Workshop","Icon":null},{"Nombre":"@bornholm-Workshop","Icon":null},{"Nombre":"@jbad-Workshop","Icon":null},{"Nombre":"@Kunduz-Workshop","Icon":null},{"Nombre":"@Lythium-Workshop","Icon":null},{"Nombre":"@malvinas-Workshop","Icon":null},{"Nombre":"@mountain_wild-Workshop","Icon":null}],"MustUpdate":false},{"Nombre":"Otros","Mods":[{"Nombre":"@FFAA-Workshop","Icon":null},{"Nombre":"@FFAA_ACE-Workshop","Icon":null},{"Nombre":"@LeightsOPFOR-Workshop","Icon":null},{"Nombre":"@sma-Workshop","Icon":null},{"Nombre":"@tryks-Workshop","Icon":null},{"Nombre":"@VCOMAI-Workshop","Icon":null}],"MustUpdate":false},{"Nombre":"RHS","Mods":[{"Nombre":"@RHS_ACE_AFRF-Workshop","Icon":null},{"Nombre":"@RHS_ACE_GREF-Workshop","Icon":null},{"Nombre":"@RHS_ACE_USF-Workshop","Icon":null},{"Nombre":"@RHS_AFRF-Workshop","Icon":null},{"Nombre":"@RHS_GREF-Workshop","Icon":null},{"Nombre":"@RHS_USF-Workshop","Icon":null}],"MustUpdate":false},{"Nombre":"Testing","Mods":[{"Nombre":"@Animals-Workshop","Icon":null},{"Nombre":"@SpecialPurpose","Icon":null}],"MustUpdate":false},{"Nombre":"Vietnam","Mods":[{"Nombre":"@HueyPack-Workshop","Icon":null},{"Nombre":"@PreyKhmaoch-Workshop","Icon":null},{"Nombre":"@Unsung-Workshop","Icon":null},{"Nombre":"@Unsung_Alive-Workshop","Icon":null}],"MustUpdate":false}]